function_name,latency,arch
compose-post,200.0,X86
compose-post,29.325485229492188,X86
compose-post,33.14018249511719,X86
compose-post,29.56390380859375,X86
compose-post,39.81590270996094,X86
compose-post,31.709671020507812,X86
compose-post,36.2396240234375,X86
compose-post,30.994415283203125,X86
compose-post,26.226043701171875,X86
compose-post,30.994415283203125,X86
compose-post,30.040740966796875,X86
compose-post,59.36622619628906,X86
compose-post,28.133392333984375,X86
compose-post,32.18650817871094,X86
compose-post,30.279159545898438,X86
compose-post,34.332275390625,X86
compose-post,30.040740966796875,X86
compose-post,34.332275390625,X86
compose-post,28.371810913085938,X86
compose-post,32.18650817871094,X86
compose-post,29.087066650390625,X86
compose-post,34.09385681152344,X86
compose-post,29.802322387695312,X86
compose-post,29.087066650390625,X86
compose-post,29.325485229492188,X86
compose-post,29.325485229492188,X86
compose-post,32.901763916015625,X86
compose-post,29.56390380859375,X86
compose-post,32.4249267578125,X86
compose-post,37.19329833984375,X86
compose-post,29.325485229492188,X86
compose-post,31.232833862304688,X86
compose-post,31.232833862304688,X86
compose-post,62.465667724609375,X86
compose-post,32.4249267578125,X86
compose-post,31.948089599609375,X86
compose-post,30.040740966796875,X86
compose-post,31.47125244140625,X86
compose-post,28.848648071289062,X86
compose-post,44.58427429199219,X86
compose-post,29.325485229492188,X86
compose-post,31.47125244140625,X86
compose-post,29.802322387695312,X86
compose-post,30.279159545898438,X86
compose-post,41.00799560546875,X86
compose-post,30.755996704101562,X86
compose-post,31.709671020507812,X86
compose-post,30.040740966796875,X86
compose-post,34.809112548828125,X86
compose-post,30.040740966796875,X86
compose-post,32.66334533691406,X86
compose-post,30.040740966796875,X86
compose-post,30.517578125,X86
compose-post,30.279159545898438,X86
compose-post,29.325485229492188,X86
compose-post,36.00120544433594,X86
compose-post,27.894973754882812,X86
compose-post,30.040740966796875,X86
compose-post,29.087066650390625,X86
compose-post,30.040740966796875,X86
compose-post,28.133392333984375,X86
compose-post,29.56390380859375,X86
compose-post,30.755996704101562,X86
compose-post,29.325485229492188,X86
compose-post,48.160552978515625,X86
compose-post,30.517578125,X86
compose-post,28.371810913085938,X86
compose-post,76.05552673339844,X86
compose-post,30.040740966796875,X86
compose-post,29.087066650390625,X86
compose-post,26.464462280273438,X86
compose-post,28.371810913085938,X86
compose-post,29.087066650390625,X86
compose-post,62.465667724609375,X86
compose-post,40.76957702636719,X86
compose-post,67.23403930664062,X86
compose-post,35.762786865234375,X86
compose-post,30.279159545898438,X86
compose-post,68.90296936035156,X86
compose-post,30.040740966796875,X86
compose-post,29.087066650390625,X86
compose-post,28.371810913085938,X86
compose-post,29.325485229492188,X86
compose-post,40.29273986816406,X86
compose-post,31.232833862304688,X86
compose-post,40.0543212890625,X86
compose-post,30.517578125,X86
compose-post,30.517578125,X86
compose-post,28.371810913085938,X86
compose-post,29.56390380859375,X86
compose-post,115.15617370605469,X86
compose-post,31.709671020507812,X86
compose-post,28.6102294921875,X86
compose-post,26.464462280273438,X86
compose-post,28.6102294921875,X86
compose-post,25.987625122070312,X86
compose-post,36.95487976074219,X86
compose-post,30.994415283203125,X86
compose-post,30.994415283203125,X86
compose-post,28.371810913085938,X86
compose-post,25.74920654296875,X86
compose-post,29.56390380859375,X86
compose-post,29.56390380859375,X86
compose-post,30.040740966796875,X86
compose-post,29.56390380859375,X86
compose-post,27.179718017578125,X86
compose-post,29.56390380859375,X86
compose-post,30.279159545898438,X86
compose-post,29.56390380859375,X86
compose-post,28.133392333984375,X86
compose-post,25.74920654296875,X86
compose-post,27.418136596679688,X86
compose-post,29.802322387695312,X86
compose-post,27.418136596679688,X86
compose-post,27.179718017578125,X86
compose-post,31.232833862304688,X86
compose-post,34.332275390625,X86
compose-post,29.325485229492188,X86
compose-post,29.802322387695312,X86
compose-post,29.802322387695312,X86
compose-post,26.464462280273438,X86
compose-post,39.577484130859375,X86
compose-post,30.994415283203125,X86
compose-post,27.894973754882812,X86
compose-post,28.848648071289062,X86
compose-post,25.987625122070312,X86
compose-post,28.6102294921875,X86
compose-post,28.133392333984375,X86
compose-post,28.6102294921875,X86
compose-post,30.994415283203125,X86
compose-post,28.848648071289062,X86
compose-post,29.325485229492188,X86
compose-post,29.56390380859375,X86
compose-post,29.325485229492188,X86
compose-post,27.179718017578125,X86
compose-post,39.81590270996094,X86
compose-post,28.6102294921875,X86
compose-post,26.464462280273438,X86
compose-post,29.56390380859375,X86
compose-post,26.464462280273438,X86
compose-post,25.510787963867188,X86
compose-post,29.56390380859375,X86
compose-post,27.418136596679688,X86
compose-post,29.802322387695312,X86
compose-post,40.29273986816406,X86
compose-post,30.755996704101562,X86
compose-post,30.517578125,X86
compose-post,29.087066650390625,X86
compose-post,28.848648071289062,X86
compose-post,28.6102294921875,X86
compose-post,30.040740966796875,X86
compose-post,30.517578125,X86
compose-post,30.517578125,X86
compose-post,30.279159545898438,X86
compose-post,28.371810913085938,X86
compose-post,27.418136596679688,X86
compose-post,32.4249267578125,X86
compose-post,30.755996704101562,X86
compose-post,30.517578125,X86
compose-post,29.56390380859375,X86
compose-post,31.232833862304688,X86
compose-post,30.517578125,X86
compose-post,37.670135498046875,X86
compose-post,30.517578125,X86
compose-post,30.755996704101562,X86
compose-post,31.232833862304688,X86
compose-post,30.755996704101562,X86
compose-post,31.709671020507812,X86
compose-post,30.040740966796875,X86
compose-post,30.040740966796875,X86
compose-post,29.802322387695312,X86
compose-post,32.66334533691406,X86
compose-post,30.755996704101562,X86
compose-post,29.802322387695312,X86
compose-post,28.848648071289062,X86
compose-post,30.517578125,X86
compose-post,27.894973754882812,X86
compose-post,30.517578125,X86
compose-post,31.47125244140625,X86
compose-post,29.087066650390625,X86
compose-post,29.56390380859375,X86
compose-post,29.325485229492188,X86
compose-post,38.14697265625,X86
compose-post,31.232833862304688,X86
compose-post,29.325485229492188,X86
compose-post,28.133392333984375,X86
compose-post,26.464462280273438,X86
compose-post,35.28594970703125,X86
compose-post,28.6102294921875,X86
compose-post,84.87701416015625,X86
compose-post,28.848648071289062,X86
compose-post,28.6102294921875,X86
compose-post,28.848648071289062,X86
compose-post,26.226043701171875,X86
compose-post,29.325485229492188,X86
compose-post,25.987625122070312,X86
compose-post,25.033950805664062,X86
compose-post,66.7572021484375,X86
compose-post,25.987625122070312,X86
compose-post,29.087066650390625,X86
compose-post,30.994415283203125,X86
compose-post,29.56390380859375,X86
compose-post,29.802322387695312,X86
compose-post,28.6102294921875,X86
compose-post,30.279159545898438,X86
compose-post,33.37860107421875,X86
compose-post,63.89617919921875,X86
compose-post,79.63180541992188,X86
compose-post,28.6102294921875,X86
compose-post,30.279159545898438,X86
compose-post,30.517578125,X86
compose-post,32.4249267578125,X86
compose-post,27.65655517578125,X86
compose-post,31.232833862304688,X86
compose-post,41.484832763671875,X86
compose-post,31.232833862304688,X86
compose-post,30.040740966796875,X86
compose-post,30.517578125,X86
compose-post,30.994415283203125,X86
compose-post,30.755996704101562,X86
compose-post,30.279159545898438,X86
compose-post,30.755996704101562,X86
compose-post,30.755996704101562,X86
compose-post,32.901763916015625,X86
compose-post,86.06910705566406,X86
compose-post,30.279159545898438,X86
compose-post,30.517578125,X86
compose-post,29.56390380859375,X86
compose-post,30.040740966796875,X86
compose-post,29.802322387695312,X86
compose-post,29.087066650390625,X86
compose-post,30.040740966796875,X86
compose-post,30.040740966796875,X86
compose-post,32.4249267578125,X86
compose-post,30.517578125,X86
compose-post,46.96846008300781,X86
compose-post,32.4249267578125,X86
compose-post,29.56390380859375,X86
compose-post,44.58427429199219,X86
compose-post,32.18650817871094,X86
compose-post,31.709671020507812,X86
compose-post,32.4249267578125,X86
compose-post,32.18650817871094,X86
compose-post,30.755996704101562,X86
compose-post,31.232833862304688,X86
compose-post,28.371810913085938,X86
compose-post,30.755996704101562,X86
compose-post,30.040740966796875,X86
compose-post,62.22724914550781,X86
compose-post,64.37301635742188,X86
compose-post,30.994415283203125,X86
compose-post,30.279159545898438,X86
compose-post,29.802322387695312,X86
compose-post,27.65655517578125,X86
compose-post,28.6102294921875,X86
compose-post,27.894973754882812,X86
compose-post,34.332275390625,X86
compose-post,28.133392333984375,X86
compose-post,27.179718017578125,X86
compose-post,30.040740966796875,X86
compose-post,27.418136596679688,X86
compose-post,29.325485229492188,X86
compose-post,27.65655517578125,X86
compose-post,25.74920654296875,X86
compose-post,31.47125244140625,X86
compose-post,109.19570922851562,X86
compose-post,29.56390380859375,X86
compose-post,25.987625122070312,X86
compose-post,29.087066650390625,X86
compose-post,28.848648071289062,X86
compose-post,27.894973754882812,X86
compose-post,29.56390380859375,X86
compose-post,27.179718017578125,X86
compose-post,25.987625122070312,X86
compose-post,30.279159545898438,X86
compose-post,28.371810913085938,X86
compose-post,30.517578125,X86
compose-post,30.279159545898438,X86
compose-post,31.232833862304688,X86
compose-post,28.848648071289062,X86
compose-post,26.226043701171875,X86
compose-post,89.40696716308594,X86
compose-post,28.371810913085938,X86
compose-post,31.232833862304688,X86
compose-post,28.848648071289062,X86
compose-post,27.179718017578125,X86
compose-post,28.371810913085938,X86
compose-post,29.087066650390625,X86
compose-post,27.65655517578125,X86
compose-post,29.087066650390625,X86
compose-post,24.557113647460938,X86
compose-post,35.04753112792969,X86
compose-post,29.56390380859375,X86
compose-post,29.56390380859375,X86
compose-post,28.848648071289062,X86
compose-post,26.702880859375,X86
compose-post,31.232833862304688,X86
compose-post,25.74920654296875,X86
compose-post,27.65655517578125,X86
compose-post,28.6102294921875,X86
compose-post,25.272369384765625,X86
compose-post,29.56390380859375,X86
compose-post,33.855438232421875,X86
compose-post,32.18650817871094,X86
compose-post,29.56390380859375,X86
compose-post,29.087066650390625,X86
compose-post,32.66334533691406,X86
compose-post,28.848648071289062,X86
compose-post,30.994415283203125,X86
compose-post,30.279159545898438,X86
compose-post,29.802322387695312,X86
compose-post,30.517578125,X86
compose-post,30.517578125,X86
compose-post,30.994415283203125,X86
compose-post,46.96846008300781,X86
compose-post,32.18650817871094,X86
compose-post,29.325485229492188,X86
compose-post,33.37860107421875,X86
compose-post,41.00799560546875,X86
compose-post,28.848648071289062,X86
compose-post,30.040740966796875,X86
compose-post,28.133392333984375,X86
compose-post,28.371810913085938,X86
compose-post,29.087066650390625,X86
compose-post,29.56390380859375,X86
compose-post,29.087066650390625,X86
compose-post,33.855438232421875,X86
compose-post,41.484832763671875,X86
compose-post,30.040740966796875,X86
compose-post,24.7955322265625,X86
compose-post,30.040740966796875,X86
compose-post,30.040740966796875,X86
compose-post,29.56390380859375,X86
compose-post,28.371810913085938,X86
compose-post,26.941299438476562,X86
compose-post,30.755996704101562,X86
compose-post,26.464462280273438,X86
compose-post,26.702880859375,X86
compose-post,29.325485229492188,X86
compose-post,148.0579376220703,X86
compose-post,31.232833862304688,X86
compose-post,29.087066650390625,X86
compose-post,28.371810913085938,X86
compose-post,29.325485229492188,X86
compose-post,30.994415283203125,X86
compose-post,30.994415283203125,X86
compose-post,30.755996704101562,X86
compose-post,33.37860107421875,X86
compose-post,31.47125244140625,X86
compose-post,31.232833862304688,X86
compose-post,30.279159545898438,X86
compose-post,27.894973754882812,X86
compose-post,32.901763916015625,X86
compose-post,30.040740966796875,X86
compose-post,31.47125244140625,X86
compose-post,30.994415283203125,X86
compose-post,26.464462280273438,X86
compose-post,30.517578125,X86
compose-post,63.419342041015625,X86
compose-post,45.06111145019531,X86
compose-post,30.279159545898438,X86
compose-post,38.623809814453125,X86
compose-post,33.855438232421875,X86
compose-post,30.994415283203125,X86
compose-post,30.040740966796875,X86
compose-post,30.994415283203125,X86
compose-post,29.087066650390625,X86
compose-post,88.93013000488281,X86
compose-post,30.994415283203125,X86
compose-post,33.37860107421875,X86
compose-post,31.709671020507812,X86
compose-post,28.848648071289062,X86
compose-post,30.040740966796875,X86
compose-post,46.253204345703125,X86
compose-post,64.61143493652344,X86
compose-post,37.19329833984375,X86
compose-post,30.517578125,X86
compose-post,32.901763916015625,X86
compose-post,35.28594970703125,X86
compose-post,30.040740966796875,X86
compose-post,26.464462280273438,X86
compose-post,43.63059997558594,X86
compose-post,30.040740966796875,X86
compose-post,30.994415283203125,X86
compose-post,29.802322387695312,X86
compose-post,31.47125244140625,X86
compose-post,29.087066650390625,X86
compose-post,26.941299438476562,X86
compose-post,34.809112548828125,X86
compose-post,28.371810913085938,X86
compose-post,37.670135498046875,X86
compose-post,30.040740966796875,X86
compose-post,66.99562072753906,X86
compose-post,29.802322387695312,X86
compose-post,30.517578125,X86
compose-post,29.087066650390625,X86
compose-post,40.531158447265625,X86
compose-post,32.18650817871094,X86
compose-post,31.709671020507812,X86
compose-post,29.087066650390625,X86
compose-post,31.47125244140625,X86
compose-post,30.755996704101562,X86
compose-post,31.948089599609375,X86
compose-post,29.802322387695312,X86
compose-post,30.755996704101562,X86
compose-post,60.31990051269531,X86
compose-post,26.464462280273438,X86
compose-post,30.994415283203125,X86
compose-post,33.855438232421875,X86
compose-post,35.28594970703125,X86
compose-post,29.087066650390625,X86
compose-post,32.4249267578125,X86
compose-post,31.47125244140625,X86
compose-post,25.272369384765625,X86
compose-post,52.45208740234375,X86
compose-post,28.848648071289062,X86
compose-post,37.90855407714844,X86
compose-post,30.755996704101562,X86
compose-post,31.47125244140625,X86
compose-post,28.371810913085938,X86
compose-post,32.901763916015625,X86
compose-post,29.56390380859375,X86
compose-post,36.95487976074219,X86
compose-post,29.802322387695312,X86
compose-post,34.09385681152344,X86
compose-post,30.994415283203125,X86
compose-post,30.040740966796875,X86
compose-post,48.87580871582031,X86
compose-post,28.6102294921875,X86
compose-post,30.517578125,X86
compose-post,30.517578125,X86
compose-post,32.18650817871094,X86
compose-post,30.517578125,X86
compose-post,32.66334533691406,X86
compose-post,31.709671020507812,X86
compose-post,28.6102294921875,X86
compose-post,33.855438232421875,X86
compose-post,28.6102294921875,X86
compose-post,39.81590270996094,X86
compose-post,29.087066650390625,X86
compose-post,31.47125244140625,X86
compose-post,30.279159545898438,X86
compose-post,30.755996704101562,X86
compose-post,30.040740966796875,X86
compose-post,34.809112548828125,X86
compose-post,30.755996704101562,X86
compose-post,26.702880859375,X86
compose-post,39.10064697265625,X86
compose-post,29.802322387695312,X86
compose-post,36.95487976074219,X86
compose-post,28.6102294921875,X86
compose-post,30.755996704101562,X86
compose-post,30.040740966796875,X86
compose-post,35.52436828613281,X86
compose-post,29.325485229492188,X86
compose-post,27.418136596679688,X86
compose-post,30.994415283203125,X86
compose-post,40.29273986816406,X86
compose-post,41.00799560546875,X86
compose-post,30.040740966796875,X86
compose-post,37.90855407714844,X86
compose-post,29.802322387695312,X86
compose-post,33.14018249511719,X86
compose-post,30.279159545898438,X86
compose-post,26.464462280273438,X86
compose-post,41.72325134277344,X86
compose-post,28.6102294921875,X86
compose-post,35.04753112792969,X86
compose-post,31.232833862304688,X86
compose-post,31.232833862304688,X86
compose-post,28.371810913085938,X86
compose-post,27.894973754882812,X86
compose-post,28.6102294921875,X86
compose-post,29.087066650390625,X86
compose-post,37.19329833984375,X86
compose-post,30.279159545898438,X86
compose-post,37.43171691894531,X86
compose-post,30.994415283203125,X86
compose-post,30.755996704101562,X86
compose-post,29.802322387695312,X86
compose-post,30.040740966796875,X86
compose-post,30.279159545898438,X86
compose-post,26.941299438476562,X86
compose-post,43.392181396484375,X86
compose-post,28.848648071289062,X86
compose-post,29.325485229492188,X86
compose-post,29.56390380859375,X86
compose-post,30.517578125,X86
compose-post,29.56390380859375,X86
compose-post,31.948089599609375,X86
compose-post,42.67692565917969,X86
compose-post,30.279159545898438,X86
compose-post,29.325485229492188,X86
compose-post,35.04753112792969,X86
compose-post,31.232833862304688,X86
compose-post,32.18650817871094,X86
compose-post,28.371810913085938,X86
compose-post,29.087066650390625,X86
compose-post,28.371810913085938,X86
compose-post,26.941299438476562,X86
compose-post,105.85784912109375,RISCV
compose-post,103.23524475097656,RISCV
compose-post,102.51998901367188,RISCV
compose-post,97.51319885253906,RISCV
compose-post,100.85105895996094,RISCV
compose-post,97.03636169433594,RISCV
compose-post,97.75161743164062,RISCV
compose-post,100.37422180175781,RISCV
compose-post,98.94371032714844,RISCV
compose-post,104.18891906738281,RISCV
compose-post,101.0894775390625,RISCV
compose-post,98.22845458984375,RISCV
compose-post,99.42054748535156,RISCV
compose-post,97.99003601074219,RISCV
compose-post,97.99003601074219,RISCV
compose-post,97.2747802734375,RISCV
compose-post,99.89738464355469,RISCV
compose-post,101.80473327636719,RISCV
compose-post,97.2747802734375,RISCV
compose-post,100.13580322265625,RISCV
compose-post,98.70529174804688,RISCV
compose-post,99.65896606445312,RISCV
compose-post,101.0894775390625,RISCV
compose-post,102.75840759277344,RISCV
compose-post,101.56631469726562,RISCV
compose-post,102.28157043457031,RISCV
compose-post,99.18212890625,RISCV
compose-post,98.46687316894531,RISCV
compose-post,98.94371032714844,RISCV
compose-post,97.99003601074219,RISCV
compose-post,98.70529174804688,RISCV
compose-post,96.79794311523438,RISCV
compose-post,96.79794311523438,RISCV
compose-post,96.55952453613281,RISCV
compose-post,100.61264038085938,RISCV
compose-post,99.65896606445312,RISCV
compose-post,100.37422180175781,RISCV
compose-post,96.08268737792969,RISCV
compose-post,97.99003601074219,RISCV
compose-post,100.13580322265625,RISCV
compose-post,97.51319885253906,RISCV
compose-post,99.65896606445312,RISCV
compose-post,98.46687316894531,RISCV
compose-post,97.03636169433594,RISCV
compose-post,99.65896606445312,RISCV
compose-post,98.22845458984375,RISCV
compose-post,100.37422180175781,RISCV
compose-post,99.18212890625,RISCV
compose-post,97.99003601074219,RISCV
compose-post,101.32789611816406,RISCV
compose-post,179.290771484375,RISCV
compose-post,98.46687316894531,RISCV
compose-post,98.94371032714844,RISCV
compose-post,103.71208190917969,RISCV
compose-post,104.18891906738281,RISCV
compose-post,100.13580322265625,RISCV
compose-post,100.37422180175781,RISCV
compose-post,200.0,RISCV
compose-post,99.89738464355469,RISCV
compose-post,95.60585021972656,RISCV
compose-post,99.18212890625,RISCV
compose-post,102.51998901367188,RISCV
compose-post,97.75161743164062,RISCV
compose-post,101.0894775390625,RISCV
compose-post,98.70529174804688,RISCV
compose-post,101.32789611816406,RISCV
compose-post,97.51319885253906,RISCV
compose-post,99.89738464355469,RISCV
compose-post,97.99003601074219,RISCV
compose-post,97.2747802734375,RISCV
compose-post,113.01040649414062,RISCV
compose-post,108.24203491210938,RISCV
compose-post,104.66575622558594,RISCV
compose-post,104.9041748046875,RISCV
compose-post,103.95050048828125,RISCV
compose-post,102.04315185546875,RISCV
compose-post,98.94371032714844,RISCV
compose-post,97.51319885253906,RISCV
compose-post,98.70529174804688,RISCV
compose-post,97.2747802734375,RISCV
compose-post,96.55952453613281,RISCV
compose-post,97.99003601074219,RISCV
compose-post,104.42733764648438,RISCV
compose-post,98.94371032714844,RISCV
compose-post,98.70529174804688,RISCV
compose-post,95.367431640625,RISCV
compose-post,98.22845458984375,RISCV
compose-post,104.9041748046875,RISCV
compose-post,103.95050048828125,RISCV
compose-post,99.65896606445312,RISCV
compose-post,104.42733764648438,RISCV
compose-post,101.0894775390625,RISCV
compose-post,100.13580322265625,RISCV
compose-post,103.23524475097656,RISCV
compose-post,104.9041748046875,RISCV
compose-post,103.47366333007812,RISCV
compose-post,100.37422180175781,RISCV
compose-post,102.28157043457031,RISCV
compose-post,104.42733764648438,RISCV
compose-post,107.76519775390625,RISCV
compose-post,110.38780212402344,RISCV
compose-post,119.44770812988281,RISCV
compose-post,106.57310485839844,RISCV
compose-post,105.14259338378906,RISCV
compose-post,103.95050048828125,RISCV
compose-post,113.96408081054688,RISCV
compose-post,110.14938354492188,RISCV
compose-post,115.39459228515625,RISCV
compose-post,111.10305786132812,RISCV
compose-post,110.86463928222656,RISCV
compose-post,105.14259338378906,RISCV
compose-post,101.32789611816406,RISCV
compose-post,102.75840759277344,RISCV
compose-post,120.87821960449219,RISCV
compose-post,116.58668518066406,RISCV
compose-post,108.24203491210938,RISCV
compose-post,117.77877807617188,RISCV
compose-post,113.72566223144531,RISCV
compose-post,108.95729064941406,RISCV
compose-post,101.80473327636719,RISCV
compose-post,104.42733764648438,RISCV
compose-post,97.99003601074219,RISCV
compose-post,101.0894775390625,RISCV
compose-post,102.51998901367188,RISCV
compose-post,100.85105895996094,RISCV
compose-post,96.55952453613281,RISCV
compose-post,99.89738464355469,RISCV
compose-post,98.70529174804688,RISCV
compose-post,105.38101196289062,RISCV
compose-post,99.65896606445312,RISCV
compose-post,96.79794311523438,RISCV
compose-post,95.84426879882812,RISCV
compose-post,98.22845458984375,RISCV
compose-post,96.32110595703125,RISCV
compose-post,97.75161743164062,RISCV
compose-post,99.65896606445312,RISCV
compose-post,99.18212890625,RISCV
compose-post,100.13580322265625,RISCV
compose-post,100.85105895996094,RISCV
compose-post,100.13580322265625,RISCV
compose-post,98.46687316894531,RISCV
compose-post,105.14259338378906,RISCV
compose-post,98.46687316894531,RISCV
compose-post,98.46687316894531,RISCV
compose-post,98.94371032714844,RISCV
compose-post,98.94371032714844,RISCV
compose-post,100.85105895996094,RISCV
compose-post,98.94371032714844,RISCV
compose-post,103.47366333007812,RISCV
compose-post,102.04315185546875,RISCV
compose-post,99.18212890625,RISCV
compose-post,97.75161743164062,RISCV
compose-post,99.65896606445312,RISCV
compose-post,99.65896606445312,RISCV
compose-post,97.99003601074219,RISCV
compose-post,100.61264038085938,RISCV
compose-post,99.42054748535156,RISCV
compose-post,102.51998901367188,RISCV
compose-post,100.13580322265625,RISCV
compose-post,98.70529174804688,RISCV
compose-post,100.13580322265625,RISCV
compose-post,98.70529174804688,RISCV
compose-post,98.46687316894531,RISCV
compose-post,101.32789611816406,RISCV
compose-post,99.65896606445312,RISCV
compose-post,97.75161743164062,RISCV
compose-post,98.94371032714844,RISCV
compose-post,98.22845458984375,RISCV
compose-post,97.51319885253906,RISCV
compose-post,95.84426879882812,RISCV
compose-post,97.99003601074219,RISCV
compose-post,97.99003601074219,RISCV
compose-post,170.23086547851562,RISCV
compose-post,98.94371032714844,RISCV
compose-post,100.85105895996094,RISCV
compose-post,97.99003601074219,RISCV
compose-post,100.37422180175781,RISCV
compose-post,95.84426879882812,RISCV
compose-post,102.04315185546875,RISCV
compose-post,103.95050048828125,RISCV
compose-post,106.33468627929688,RISCV
compose-post,112.29515075683594,RISCV
compose-post,177.3834228515625,RISCV
compose-post,110.38780212402344,RISCV
compose-post,187.87384033203125,RISCV
compose-post,102.996826171875,RISCV
compose-post,125.64659118652344,RISCV
compose-post,126.60026550292969,RISCV
compose-post,122.0703125,RISCV
compose-post,107.04994201660156,RISCV
compose-post,102.51998901367188,RISCV
compose-post,127.07710266113281,RISCV
compose-post,108.24203491210938,RISCV
compose-post,115.15617370605469,RISCV
compose-post,126.36184692382812,RISCV
compose-post,112.29515075683594,RISCV
compose-post,117.06352233886719,RISCV
compose-post,113.96408081054688,RISCV
compose-post,121.83189392089844,RISCV
compose-post,115.63301086425781,RISCV
compose-post,120.40138244628906,RISCV
compose-post,114.20249938964844,RISCV
compose-post,112.5335693359375,RISCV
compose-post,107.76519775390625,RISCV
compose-post,109.19570922851562,RISCV
compose-post,108.48045349121094,RISCV
compose-post,107.04994201660156,RISCV
compose-post,104.18891906738281,RISCV
compose-post,200.0,RISCV
compose-post,120.1629638671875,RISCV
compose-post,127.55393981933594,RISCV
compose-post,138.0443572998047,RISCV
compose-post,122.30873107910156,RISCV
compose-post,113.72566223144531,RISCV
compose-post,113.96408081054688,RISCV
compose-post,116.10984802246094,RISCV
compose-post,113.48724365234375,RISCV
compose-post,133.514404296875,RISCV
compose-post,124.21607971191406,RISCV
compose-post,114.44091796875,RISCV
compose-post,116.3482666015625,RISCV
compose-post,125.64659118652344,RISCV
compose-post,104.18891906738281,RISCV
compose-post,111.81831359863281,RISCV
compose-post,148.53477478027344,RISCV
compose-post,117.54035949707031,RISCV
compose-post,118.255615234375,RISCV
compose-post,122.0703125,RISCV
compose-post,149.72686767578125,RISCV
compose-post,113.48724365234375,RISCV
compose-post,116.82510375976562,RISCV
compose-post,113.96408081054688,RISCV
compose-post,119.68612670898438,RISCV
compose-post,128.9844512939453,RISCV
compose-post,119.20928955078125,RISCV
compose-post,113.72566223144531,RISCV
compose-post,114.91775512695312,RISCV
compose-post,117.54035949707031,RISCV
compose-post,170.23086547851562,RISCV
compose-post,126.60026550292969,RISCV
compose-post,116.82510375976562,RISCV
compose-post,107.76519775390625,RISCV
compose-post,113.01040649414062,RISCV
compose-post,115.39459228515625,RISCV
compose-post,118.01719665527344,RISCV
compose-post,112.5335693359375,RISCV
compose-post,129.22286987304688,RISCV
compose-post,116.82510375976562,RISCV
compose-post,116.58668518066406,RISCV
compose-post,125.64659118652344,RISCV
compose-post,123.26240539550781,RISCV
compose-post,111.57989501953125,RISCV
compose-post,125.16975402832031,RISCV
compose-post,121.11663818359375,RISCV
compose-post,115.87142944335938,RISCV
compose-post,115.15617370605469,RISCV
compose-post,109.91096496582031,RISCV
compose-post,200.0,RISCV
compose-post,107.04994201660156,RISCV
compose-post,99.42054748535156,RISCV
compose-post,96.79794311523438,RISCV
compose-post,96.79794311523438,RISCV
compose-post,97.99003601074219,RISCV
compose-post,96.08268737792969,RISCV
compose-post,98.94371032714844,RISCV
compose-post,99.18212890625,RISCV
compose-post,96.55952453613281,RISCV
compose-post,187.6354217529297,RISCV
compose-post,104.66575622558594,RISCV
compose-post,150.6805419921875,RISCV
compose-post,100.37422180175781,RISCV
compose-post,98.70529174804688,RISCV
compose-post,97.99003601074219,RISCV
compose-post,96.08268737792969,RISCV
compose-post,98.70529174804688,RISCV
compose-post,99.18212890625,RISCV
compose-post,96.79794311523438,RISCV
compose-post,100.61264038085938,RISCV
compose-post,99.65896606445312,RISCV
compose-post,97.75161743164062,RISCV
compose-post,97.99003601074219,RISCV
compose-post,98.46687316894531,RISCV
compose-post,95.12901306152344,RISCV
compose-post,102.04315185546875,RISCV
compose-post,97.99003601074219,RISCV
compose-post,97.75161743164062,RISCV
compose-post,99.42054748535156,RISCV
compose-post,97.51319885253906,RISCV
compose-post,97.99003601074219,RISCV
compose-post,98.22845458984375,RISCV
compose-post,99.89738464355469,RISCV
compose-post,97.75161743164062,RISCV
compose-post,97.51319885253906,RISCV
compose-post,185.48965454101562,RISCV
compose-post,99.89738464355469,RISCV
compose-post,96.32110595703125,RISCV
compose-post,96.08268737792969,RISCV
compose-post,99.65896606445312,RISCV
compose-post,98.94371032714844,RISCV
compose-post,97.2747802734375,RISCV
compose-post,98.46687316894531,RISCV
compose-post,95.367431640625,RISCV
compose-post,99.89738464355469,RISCV
compose-post,98.46687316894531,RISCV
compose-post,101.32789611816406,RISCV
compose-post,100.13580322265625,RISCV
compose-post,98.94371032714844,RISCV
compose-post,97.99003601074219,RISCV
compose-post,97.2747802734375,RISCV
compose-post,96.55952453613281,RISCV
compose-post,100.13580322265625,RISCV
compose-post,102.28157043457031,RISCV
compose-post,98.22845458984375,RISCV
compose-post,99.18212890625,RISCV
compose-post,98.94371032714844,RISCV
compose-post,97.03636169433594,RISCV
compose-post,99.65896606445312,RISCV
compose-post,97.99003601074219,RISCV
compose-post,100.37422180175781,RISCV
compose-post,99.65896606445312,RISCV
compose-post,97.2747802734375,RISCV
compose-post,99.18212890625,RISCV
compose-post,97.99003601074219,RISCV
compose-post,97.2747802734375,RISCV
compose-post,107.52677917480469,RISCV
compose-post,102.04315185546875,RISCV
compose-post,105.61943054199219,RISCV
compose-post,106.57310485839844,RISCV
compose-post,101.56631469726562,RISCV
compose-post,102.75840759277344,RISCV
compose-post,98.22845458984375,RISCV
compose-post,106.09626770019531,RISCV
compose-post,101.32789611816406,RISCV
compose-post,99.89738464355469,RISCV
compose-post,100.61264038085938,RISCV
compose-post,99.42054748535156,RISCV
compose-post,98.94371032714844,RISCV
compose-post,101.32789611816406,RISCV
compose-post,99.42054748535156,RISCV
compose-post,97.2747802734375,RISCV
compose-post,97.2747802734375,RISCV
compose-post,97.03636169433594,RISCV
compose-post,98.94371032714844,RISCV
compose-post,97.99003601074219,RISCV
compose-post,99.89738464355469,RISCV
compose-post,102.04315185546875,RISCV
compose-post,100.85105895996094,RISCV
compose-post,99.18212890625,RISCV
compose-post,100.13580322265625,RISCV
compose-post,97.51319885253906,RISCV
compose-post,96.32110595703125,RISCV
compose-post,103.47366333007812,RISCV
compose-post,106.09626770019531,RISCV
compose-post,104.42733764648438,RISCV
compose-post,106.8115234375,RISCV
compose-post,105.38101196289062,RISCV
compose-post,110.14938354492188,RISCV
compose-post,103.23524475097656,RISCV
compose-post,104.9041748046875,RISCV
compose-post,103.95050048828125,RISCV
compose-post,106.09626770019531,RISCV
compose-post,102.28157043457031,RISCV
compose-post,105.61943054199219,RISCV
compose-post,101.80473327636719,RISCV
compose-post,99.89738464355469,RISCV
compose-post,100.61264038085938,RISCV
compose-post,98.70529174804688,RISCV
compose-post,100.61264038085938,RISCV
compose-post,103.47366333007812,RISCV
compose-post,98.94371032714844,RISCV
compose-post,99.65896606445312,RISCV
compose-post,99.65896606445312,RISCV
compose-post,100.37422180175781,RISCV
compose-post,97.99003601074219,RISCV
compose-post,97.03636169433594,RISCV
compose-post,97.99003601074219,RISCV
compose-post,99.18212890625,RISCV
compose-post,99.65896606445312,RISCV
compose-post,190.49644470214844,RISCV
compose-post,110.38780212402344,RISCV
compose-post,111.34147644042969,RISCV
compose-post,109.91096496582031,RISCV
compose-post,110.38780212402344,RISCV
compose-post,103.47366333007812,RISCV
compose-post,106.33468627929688,RISCV
compose-post,104.9041748046875,RISCV
compose-post,118.49403381347656,RISCV
compose-post,130.17654418945312,RISCV
compose-post,109.67254638671875,RISCV
compose-post,101.80473327636719,RISCV
compose-post,98.70529174804688,RISCV
compose-post,96.32110595703125,RISCV
compose-post,108.48045349121094,RISCV
compose-post,105.38101196289062,RISCV
compose-post,109.91096496582031,RISCV
compose-post,114.44091796875,RISCV
compose-post,111.34147644042969,RISCV
compose-post,108.7188720703125,RISCV
compose-post,106.8115234375,RISCV
compose-post,101.32789611816406,RISCV
compose-post,97.75161743164062,RISCV
compose-post,98.46687316894531,RISCV
compose-post,103.23524475097656,RISCV
compose-post,99.89738464355469,RISCV
compose-post,99.18212890625,RISCV
compose-post,101.56631469726562,RISCV
compose-post,101.56631469726562,RISCV
compose-post,98.46687316894531,RISCV
compose-post,200.0,RISCV
compose-post,99.18212890625,RISCV
compose-post,98.70529174804688,RISCV
compose-post,97.75161743164062,RISCV
compose-post,98.94371032714844,RISCV
compose-post,98.46687316894531,RISCV
compose-post,99.18212890625,RISCV
compose-post,102.04315185546875,RISCV
compose-post,100.61264038085938,RISCV
compose-post,99.65896606445312,RISCV
compose-post,99.42054748535156,RISCV
compose-post,99.65896606445312,RISCV
compose-post,98.46687316894531,RISCV
compose-post,95.60585021972656,RISCV
compose-post,98.94371032714844,RISCV
compose-post,99.18212890625,RISCV
compose-post,99.65896606445312,RISCV
compose-post,96.55952453613281,RISCV
compose-post,98.70529174804688,RISCV
compose-post,98.22845458984375,RISCV
compose-post,98.70529174804688,RISCV
compose-post,97.99003601074219,RISCV
compose-post,106.57310485839844,RISCV
compose-post,100.37422180175781,RISCV
compose-post,97.2747802734375,RISCV
compose-post,100.37422180175781,RISCV
compose-post,99.42054748535156,RISCV
compose-post,97.03636169433594,RISCV
compose-post,99.18212890625,RISCV
compose-post,101.0894775390625,RISCV
compose-post,98.70529174804688,RISCV
compose-post,98.46687316894531,RISCV
compose-post,100.13580322265625,RISCV
compose-post,97.2747802734375,RISCV
compose-post,101.56631469726562,RISCV
compose-post,99.65896606445312,RISCV
compose-post,95.84426879882812,RISCV
compose-post,98.46687316894531,RISCV
compose-post,98.70529174804688,RISCV
compose-post,97.99003601074219,RISCV
compose-post,98.94371032714844,RISCV
compose-post,99.65896606445312,RISCV
compose-post,96.08268737792969,RISCV
compose-post,98.70529174804688,RISCV
compose-post,96.55952453613281,RISCV
compose-post,100.13580322265625,RISCV
compose-post,98.70529174804688,RISCV
compose-post,98.94371032714844,RISCV
compose-post,97.99003601074219,RISCV
compose-post,96.79794311523438,RISCV
compose-post,98.22845458984375,RISCV
compose-post,111.57989501953125,RISCV
compose-post,110.38780212402344,RISCV
compose-post,108.95729064941406,RISCV
compose-post,124.69291687011719,RISCV
compose-post,111.57989501953125,RISCV
compose-post,200.0,RISCV
compose-post,105.61943054199219,RISCV
compose-post,107.76519775390625,RISCV
compose-post,117.30194091796875,RISCV
compose-post,110.626220703125,RISCV
compose-post,112.5335693359375,RISCV
compose-post,112.05673217773438,RISCV
compose-post,104.42733764648438,RISCV
compose-post,100.37422180175781,RISCV
compose-post,100.85105895996094,RISCV
compose-post,97.2747802734375,RISCV
compose-post,113.01040649414062,RISCV
compose-post,115.39459228515625,RISCV
compose-post,116.3482666015625,RISCV
compose-post,110.14938354492188,RISCV
compose-post,105.85784912109375,RISCV
compose-post,114.67933654785156,RISCV
compose-post,126.83868408203125,RISCV
compose-post,107.28836059570312,RISCV
compose-post,103.47366333007812,RISCV
compose-post,103.95050048828125,RISCV
compose-post,106.8115234375,RISCV
compose-post,200.0,RISCV
compose-post,108.48045349121094,RISCV
compose-post,107.28836059570312,RISCV
compose-post,118.97087097167969,RISCV
compose-post,105.61943054199219,RISCV
compose-post,98.94371032714844,RISCV
compose-post,101.0894775390625,RISCV
compose-post,109.67254638671875,RISCV
compose-post,116.10984802246094,RISCV
compose-post,109.43412780761719,RISCV
compose-post,124.21607971191406,RISCV
compose-post,110.626220703125,RISCV
compose-post,108.24203491210938,RISCV
compose-post,113.24882507324219,RISCV
compose-and-upload,158.3099365234375,X86
compose-and-upload,135.4217529296875,X86
compose-and-upload,130.8917999267578,X86
compose-and-upload,133.27598571777344,X86
compose-and-upload,132.3223114013672,X86
compose-and-upload,151.63421630859375,X86
compose-and-upload,211.0004425048828,X86
compose-and-upload,207.9010009765625,X86
compose-and-upload,134.94491577148438,X86
compose-and-upload,133.514404296875,X86
compose-and-upload,210.5236053466797,X86
compose-and-upload,137.80593872070312,X86
compose-and-upload,135.66017150878906,X86
compose-and-upload,133.99124145507812,X86
compose-and-upload,144.72007751464844,X86
compose-and-upload,135.66017150878906,X86
compose-and-upload,147.34268188476562,X86
compose-and-upload,134.2296600341797,X86
compose-and-upload,132.08389282226562,X86
compose-and-upload,135.89859008789062,X86
compose-and-upload,135.66017150878906,X86
compose-and-upload,216.2456512451172,X86
compose-and-upload,140.19012451171875,X86
compose-and-upload,134.7064971923828,X86
compose-and-upload,137.09068298339844,X86
compose-and-upload,136.85226440429688,X86
compose-and-upload,154.73365783691406,X86
compose-and-upload,155.6873321533203,X86
compose-and-upload,264.6446228027344,X86
compose-and-upload,142.3358917236328,X86
compose-and-upload,148.773193359375,X86
compose-and-upload,141.38221740722656,X86
compose-and-upload,244.37904357910156,X86
compose-and-upload,143.52798461914062,X86
compose-and-upload,205.03997802734375,X86
compose-and-upload,134.7064971923828,X86
compose-and-upload,129.22286987304688,X86
compose-and-upload,147.10426330566406,X86
compose-and-upload,148.53477478027344,X86
compose-and-upload,136.37542724609375,X86
compose-and-upload,146.62742614746094,X86
compose-and-upload,176.1913299560547,X86
compose-and-upload,143.0511474609375,X86
compose-and-upload,134.94491577148438,X86
compose-and-upload,144.48165893554688,X86
compose-and-upload,139.2364501953125,X86
compose-and-upload,142.81272888183594,X86
compose-and-upload,135.4217529296875,X86
compose-and-upload,146.8658447265625,X86
compose-and-upload,188.58909606933594,X86
compose-and-upload,169.0387725830078,X86
compose-and-upload,148.773193359375,X86
compose-and-upload,215.29197692871094,X86
compose-and-upload,141.62063598632812,X86
compose-and-upload,151.63421630859375,X86
compose-and-upload,136.85226440429688,X86
compose-and-upload,133.03756713867188,X86
compose-and-upload,168.32351684570312,X86
compose-and-upload,133.514404296875,X86
compose-and-upload,136.85226440429688,X86
compose-and-upload,133.514404296875,X86
compose-and-upload,130.4149627685547,X86
compose-and-upload,192.88063049316406,X86
compose-and-upload,133.514404296875,X86
compose-and-upload,133.27598571777344,X86
compose-and-upload,137.3291015625,X86
compose-and-upload,195.50323486328125,X86
compose-and-upload,279.6649932861328,X86
compose-and-upload,143.28956604003906,X86
compose-and-upload,180.4828643798828,X86
compose-and-upload,180.0060272216797,X86
compose-and-upload,160.69412231445312,X86
compose-and-upload,188.35067749023438,X86
compose-and-upload,141.62063598632812,X86
compose-and-upload,137.09068298339844,X86
compose-and-upload,192.6422119140625,X86
compose-and-upload,144.72007751464844,X86
compose-and-upload,138.99803161621094,X86
compose-and-upload,270.843505859375,X86
compose-and-upload,135.89859008789062,X86
compose-and-upload,136.85226440429688,X86
compose-and-upload,133.99124145507812,X86
compose-and-upload,131.13021850585938,X86
compose-and-upload,136.85226440429688,X86
compose-and-upload,159.5020294189453,X86
compose-and-upload,138.0443572998047,X86
compose-and-upload,151.3957977294922,X86
compose-and-upload,221.25244140625,X86
compose-and-upload,138.99803161621094,X86
compose-and-upload,232.45811462402344,X86
compose-and-upload,145.6737518310547,X86
compose-and-upload,197.88742065429688,X86
compose-and-upload,135.89859008789062,X86
compose-and-upload,145.19691467285156,X86
compose-and-upload,133.03756713867188,X86
compose-and-upload,137.3291015625,X86
compose-and-upload,154.01840209960938,X86
compose-and-upload,140.4285430908203,X86
compose-and-upload,237.94174194335938,X86
compose-and-upload,137.09068298339844,X86
compose-and-upload,134.94491577148438,X86
compose-and-upload,136.1370086669922,X86
compose-and-upload,180.0060272216797,X86
compose-and-upload,133.75282287597656,X86
compose-and-upload,130.17654418945312,X86
compose-and-upload,135.66017150878906,X86
compose-and-upload,232.21969604492188,X86
compose-and-upload,138.75961303710938,X86
compose-and-upload,237.94174194335938,X86
compose-and-upload,189.30435180664062,X86
compose-and-upload,138.0443572998047,X86
compose-and-upload,135.66017150878906,X86
compose-and-upload,135.66017150878906,X86
compose-and-upload,157.83309936523438,X86
compose-and-upload,346.89903259277344,X86
compose-and-upload,136.85226440429688,X86
compose-and-upload,181.9133758544922,X86
compose-and-upload,138.5211944580078,X86
compose-and-upload,154.25682067871094,X86
compose-and-upload,166.17774963378906,X86
compose-and-upload,133.514404296875,X86
compose-and-upload,185.48965454101562,X86
compose-and-upload,137.3291015625,X86
compose-and-upload,140.4285430908203,X86
compose-and-upload,133.27598571777344,X86
compose-and-upload,195.02639770507812,X86
compose-and-upload,136.6138458251953,X86
compose-and-upload,137.80593872070312,X86
compose-and-upload,271.08192443847656,X86
compose-and-upload,138.5211944580078,X86
compose-and-upload,155.44891357421875,X86
compose-and-upload,138.75961303710938,X86
compose-and-upload,135.4217529296875,X86
compose-and-upload,134.7064971923828,X86
compose-and-upload,176.42974853515625,X86
compose-and-upload,134.7064971923828,X86
compose-and-upload,169.7540283203125,X86
compose-and-upload,133.03756713867188,X86
compose-and-upload,134.2296600341797,X86
compose-and-upload,138.28277587890625,X86
compose-and-upload,131.84547424316406,X86
compose-and-upload,180.24444580078125,X86
compose-and-upload,133.514404296875,X86
compose-and-upload,144.72007751464844,X86
compose-and-upload,133.99124145507812,X86
compose-and-upload,147.5811004638672,X86
compose-and-upload,230.0739288330078,X86
compose-and-upload,138.0443572998047,X86
compose-and-upload,223.8750457763672,X86
compose-and-upload,208.6162567138672,X86
compose-and-upload,216.7224884033203,X86
compose-and-upload,144.00482177734375,X86
compose-and-upload,139.2364501953125,X86
compose-and-upload,137.3291015625,X86
compose-and-upload,143.28956604003906,X86
compose-and-upload,284.6717834472656,X86
compose-and-upload,137.56752014160156,X86
compose-and-upload,134.2296600341797,X86
compose-and-upload,142.09747314453125,X86
compose-and-upload,141.143798828125,X86
compose-and-upload,155.6873321533203,X86
compose-and-upload,151.8726348876953,X86
compose-and-upload,134.94491577148438,X86
compose-and-upload,217.67616271972656,X86
compose-and-upload,201.22528076171875,X86
compose-and-upload,137.09068298339844,X86
compose-and-upload,347.137451171875,X86
compose-and-upload,135.18333435058594,X86
compose-and-upload,139.47486877441406,X86
compose-and-upload,176.6681671142578,X86
compose-and-upload,156.402587890625,X86
compose-and-upload,258.44573974609375,X86
compose-and-upload,145.6737518310547,X86
compose-and-upload,223.1597900390625,X86
compose-and-upload,139.9517059326172,X86
compose-and-upload,200.03318786621094,X86
compose-and-upload,154.97207641601562,X86
compose-and-upload,138.0443572998047,X86
compose-and-upload,174.04556274414062,X86
compose-and-upload,145.43533325195312,X86
compose-and-upload,283.4796905517578,X86
compose-and-upload,151.8726348876953,X86
compose-and-upload,136.6138458251953,X86
compose-and-upload,156.64100646972656,X86
compose-and-upload,138.75961303710938,X86
compose-and-upload,141.143798828125,X86
compose-and-upload,141.143798828125,X86
compose-and-upload,142.09747314453125,X86
compose-and-upload,137.3291015625,X86
compose-and-upload,190.49644470214844,X86
compose-and-upload,137.09068298339844,X86
compose-and-upload,230.31234741210938,X86
compose-and-upload,132.56072998046875,X86
compose-and-upload,134.7064971923828,X86
compose-and-upload,128.9844512939453,X86
compose-and-upload,139.71328735351562,X86
compose-and-upload,132.3223114013672,X86
compose-and-upload,135.89859008789062,X86
compose-and-upload,146.1505889892578,X86
compose-and-upload,204.56314086914062,X86
compose-and-upload,137.09068298339844,X86
compose-and-upload,169.7540283203125,X86
compose-and-upload,141.8590545654297,X86
compose-and-upload,169.51560974121094,X86
compose-and-upload,138.99803161621094,X86
compose-and-upload,137.3291015625,X86
compose-and-upload,175.95291137695312,X86
compose-and-upload,168.5619354248047,X86
compose-and-upload,137.3291015625,X86
compose-and-upload,165.2240753173828,X86
compose-and-upload,804.1858673095703,X86
compose-and-upload,254.63104248046875,X86
compose-and-upload,146.8658447265625,X86
compose-and-upload,134.94491577148438,X86
compose-and-upload,137.80593872070312,X86
compose-and-upload,135.4217529296875,X86
compose-and-upload,128.9844512939453,X86
compose-and-upload,134.46807861328125,X86
compose-and-upload,133.27598571777344,X86
compose-and-upload,212.9077911376953,X86
compose-and-upload,137.56752014160156,X86
compose-and-upload,127.7923583984375,X86
compose-and-upload,138.28277587890625,X86
compose-and-upload,136.6138458251953,X86
compose-and-upload,133.03756713867188,X86
compose-and-upload,145.91217041015625,X86
compose-and-upload,133.03756713867188,X86
compose-and-upload,140.4285430908203,X86
compose-and-upload,148.53477478027344,X86
compose-and-upload,138.28277587890625,X86
compose-and-upload,235.3191375732422,X86
compose-and-upload,202.65579223632812,X86
compose-and-upload,168.80035400390625,X86
compose-and-upload,138.5211944580078,X86
compose-and-upload,131.13021850585938,X86
compose-and-upload,183.10546875,X86
compose-and-upload,251.53160095214844,X86
compose-and-upload,146.62742614746094,X86
compose-and-upload,136.6138458251953,X86
compose-and-upload,139.2364501953125,X86
compose-and-upload,255.82313537597656,X86
compose-and-upload,147.10426330566406,X86
compose-and-upload,134.46807861328125,X86
compose-and-upload,141.62063598632812,X86
compose-and-upload,135.4217529296875,X86
compose-and-upload,137.80593872070312,X86
compose-and-upload,133.75282287597656,X86
compose-and-upload,134.46807861328125,X86
compose-and-upload,134.2296600341797,X86
compose-and-upload,134.46807861328125,X86
compose-and-upload,135.4217529296875,X86
compose-and-upload,136.1370086669922,X86
compose-and-upload,210.76202392578125,X86
compose-and-upload,133.514404296875,X86
compose-and-upload,148.773193359375,X86
compose-and-upload,136.1370086669922,X86
compose-and-upload,178.0986785888672,X86
compose-and-upload,134.7064971923828,X86
compose-and-upload,143.7664031982422,X86
compose-and-upload,142.09747314453125,X86
compose-and-upload,177.14500427246094,X86
compose-and-upload,139.47486877441406,X86
compose-and-upload,134.7064971923828,X86
compose-and-upload,137.56752014160156,X86
compose-and-upload,137.3291015625,X86
compose-and-upload,254.8694610595703,X86
compose-and-upload,134.46807861328125,X86
compose-and-upload,131.36863708496094,X86
compose-and-upload,136.85226440429688,X86
compose-and-upload,136.6138458251953,X86
compose-and-upload,137.80593872070312,X86
compose-and-upload,136.37542724609375,X86
compose-and-upload,183.8207244873047,X86
compose-and-upload,144.00482177734375,X86
compose-and-upload,212.4309539794922,X86
compose-and-upload,175.47607421875,X86
compose-and-upload,145.6737518310547,X86
compose-and-upload,176.6681671142578,X86
compose-and-upload,136.85226440429688,X86
compose-and-upload,133.99124145507812,X86
compose-and-upload,186.2049102783203,X86
compose-and-upload,134.94491577148438,X86
compose-and-upload,154.01840209960938,X86
compose-and-upload,133.75282287597656,X86
compose-and-upload,149.25003051757812,X86
compose-and-upload,134.46807861328125,X86
compose-and-upload,174.52239990234375,X86
compose-and-upload,138.0443572998047,X86
compose-and-upload,135.66017150878906,X86
compose-and-upload,181.1981201171875,X86
compose-and-upload,211.95411682128906,X86
compose-and-upload,135.18333435058594,X86
compose-and-upload,133.99124145507812,X86
compose-and-upload,142.81272888183594,X86
compose-and-upload,136.1370086669922,X86
compose-and-upload,131.6070556640625,X86
compose-and-upload,129.93812561035156,X86
compose-and-upload,136.37542724609375,X86
compose-and-upload,133.27598571777344,X86
compose-and-upload,255.34629821777344,X86
compose-and-upload,136.85226440429688,X86
compose-and-upload,134.46807861328125,X86
compose-and-upload,142.57431030273438,X86
compose-and-upload,137.3291015625,X86
compose-and-upload,138.0443572998047,X86
compose-and-upload,144.00482177734375,X86
compose-and-upload,141.62063598632812,X86
compose-and-upload,187.6354217529297,X86
compose-and-upload,272.0355987548828,X86
compose-and-upload,136.6138458251953,X86
compose-and-upload,138.0443572998047,X86
compose-and-upload,135.18333435058594,X86
compose-and-upload,171.42295837402344,X86
compose-and-upload,129.93812561035156,X86
compose-and-upload,219.10667419433594,X86
compose-and-upload,134.46807861328125,X86
compose-and-upload,141.38221740722656,X86
compose-and-upload,214.8151397705078,X86
compose-and-upload,136.37542724609375,X86
compose-and-upload,140.90538024902344,X86
compose-and-upload,138.99803161621094,X86
compose-and-upload,134.94491577148438,X86
compose-and-upload,137.09068298339844,X86
compose-and-upload,145.19691467285156,X86
compose-and-upload,213.86146545410156,X86
compose-and-upload,135.18333435058594,X86
compose-and-upload,178.0986785888672,X86
compose-and-upload,143.52798461914062,X86
compose-and-upload,133.75282287597656,X86
compose-and-upload,146.1505889892578,X86
compose-and-upload,138.75961303710938,X86
compose-and-upload,135.18333435058594,X86
compose-and-upload,132.08389282226562,X86
compose-and-upload,133.99124145507812,X86
compose-and-upload,133.03756713867188,X86
compose-and-upload,139.71328735351562,X86
compose-and-upload,134.7064971923828,X86
compose-and-upload,138.0443572998047,X86
compose-and-upload,191.21170043945312,X86
compose-and-upload,173.5687255859375,X86
compose-and-upload,205.99365234375,X86
compose-and-upload,135.66017150878906,X86
compose-and-upload,134.46807861328125,X86
compose-and-upload,133.75282287597656,X86
compose-and-upload,157.5946807861328,X86
compose-and-upload,215.29197692871094,X86
compose-and-upload,175.23765563964844,X86
compose-and-upload,129.93812561035156,X86
compose-and-upload,148.29635620117188,X86
compose-and-upload,135.4217529296875,X86
compose-and-upload,135.66017150878906,X86
compose-and-upload,251.29318237304688,X86
compose-and-upload,141.8590545654297,X86
compose-and-upload,134.94491577148438,X86
compose-and-upload,332.5939178466797,X86
compose-and-upload,138.5211944580078,X86
compose-and-upload,142.57431030273438,X86
compose-and-upload,138.28277587890625,X86
compose-and-upload,137.56752014160156,X86
compose-and-upload,136.85226440429688,X86
compose-and-upload,136.37542724609375,X86
compose-and-upload,139.2364501953125,X86
compose-and-upload,137.80593872070312,X86
compose-and-upload,137.3291015625,X86
compose-and-upload,136.6138458251953,X86
compose-and-upload,138.0443572998047,X86
compose-and-upload,132.3223114013672,X86
compose-and-upload,220.77560424804688,X86
compose-and-upload,136.6138458251953,X86
compose-and-upload,158.07151794433594,X86
compose-and-upload,132.7991485595703,X86
compose-and-upload,151.63421630859375,X86
compose-and-upload,135.4217529296875,X86
compose-and-upload,136.6138458251953,X86
compose-and-upload,133.99124145507812,X86
compose-and-upload,201.4636993408203,X86
compose-and-upload,134.46807861328125,X86
compose-and-upload,136.37542724609375,X86
compose-and-upload,141.38221740722656,X86
compose-and-upload,141.143798828125,X86
compose-and-upload,136.85226440429688,X86
compose-and-upload,139.71328735351562,X86
compose-and-upload,176.6681671142578,X86
compose-and-upload,141.8590545654297,X86
compose-and-upload,137.3291015625,X86
compose-and-upload,133.75282287597656,X86
compose-and-upload,137.80593872070312,X86
compose-and-upload,133.27598571777344,X86
compose-and-upload,155.2104949951172,X86
compose-and-upload,136.1370086669922,X86
compose-and-upload,211.7156982421875,X86
compose-and-upload,138.0443572998047,X86
compose-and-upload,138.28277587890625,X86
compose-and-upload,136.85226440429688,X86
compose-and-upload,135.18333435058594,X86
compose-and-upload,159.0251922607422,X86
compose-and-upload,138.99803161621094,X86
compose-and-upload,190.0196075439453,X86
compose-and-upload,133.27598571777344,X86
compose-and-upload,137.56752014160156,X86
compose-and-upload,140.4285430908203,X86
compose-and-upload,148.773193359375,X86
compose-and-upload,134.94491577148438,X86
compose-and-upload,145.43533325195312,X86
compose-and-upload,136.6138458251953,X86
compose-and-upload,145.19691467285156,X86
compose-and-upload,194.07272338867188,X86
compose-and-upload,140.19012451171875,X86
compose-and-upload,141.8590545654297,X86
compose-and-upload,195.7416534423828,X86
compose-and-upload,135.89859008789062,X86
compose-and-upload,239.84909057617188,X86
compose-and-upload,139.2364501953125,X86
compose-and-upload,138.28277587890625,X86
compose-and-upload,189.30435180664062,X86
compose-and-upload,137.3291015625,X86
compose-and-upload,143.52798461914062,X86
compose-and-upload,140.90538024902344,X86
compose-and-upload,254.63104248046875,X86
compose-and-upload,173.80714416503906,X86
compose-and-upload,135.4217529296875,X86
compose-and-upload,138.5211944580078,X86
compose-and-upload,134.7064971923828,X86
compose-and-upload,290.6322479248047,X86
compose-and-upload,134.2296600341797,X86
compose-and-upload,184.2975616455078,X86
compose-and-upload,134.7064971923828,X86
compose-and-upload,182.3902130126953,X86
compose-and-upload,238.4185791015625,X86
compose-and-upload,136.37542724609375,X86
compose-and-upload,180.0060272216797,X86
compose-and-upload,175.71449279785156,X86
compose-and-upload,207.1857452392578,X86
compose-and-upload,138.0443572998047,X86
compose-and-upload,519.2756652832031,X86
compose-and-upload,135.4217529296875,X86
compose-and-upload,135.18333435058594,X86
compose-and-upload,139.47486877441406,X86
compose-and-upload,177.14500427246094,X86
compose-and-upload,132.7991485595703,X86
compose-and-upload,151.3957977294922,X86
compose-and-upload,133.514404296875,X86
compose-and-upload,133.03756713867188,X86
compose-and-upload,137.80593872070312,X86
compose-and-upload,139.47486877441406,X86
compose-and-upload,133.75282287597656,X86
compose-and-upload,135.89859008789062,X86
compose-and-upload,170.9461212158203,X86
compose-and-upload,133.75282287597656,X86
compose-and-upload,174.52239990234375,X86
compose-and-upload,129.46128845214844,X86
compose-and-upload,137.56752014160156,X86
compose-and-upload,129.69970703125,X86
compose-and-upload,143.0511474609375,X86
compose-and-upload,134.94491577148438,X86
compose-and-upload,143.0511474609375,X86
compose-and-upload,132.08389282226562,X86
compose-and-upload,151.63421630859375,X86
compose-and-upload,135.89859008789062,X86
compose-and-upload,159.74044799804688,X86
compose-and-upload,201.4636993408203,X86
compose-and-upload,201.94053649902344,X86
compose-and-upload,145.43533325195312,X86
compose-and-upload,191.4501190185547,X86
compose-and-upload,292.3011779785156,X86
compose-and-upload,135.18333435058594,X86
compose-and-upload,136.85226440429688,X86
compose-and-upload,139.9517059326172,X86
compose-and-upload,253.6773681640625,X86
compose-and-upload,133.75282287597656,X86
compose-and-upload,134.46807861328125,X86
compose-and-upload,133.03756713867188,X86
compose-and-upload,140.66696166992188,X86
compose-and-upload,134.2296600341797,X86
compose-and-upload,247.71690368652344,X86
compose-and-upload,178.33709716796875,X86
compose-and-upload,180.0060272216797,X86
compose-and-upload,135.18333435058594,X86
compose-and-upload,138.28277587890625,X86
compose-and-upload,138.5211944580078,X86
compose-and-upload,217.437744140625,X86
compose-and-upload,185.96649169921875,X86
compose-and-upload,697.3743438720703,X86
compose-and-upload,195.02639770507812,X86
compose-and-upload,152.587890625,X86
compose-and-upload,138.28277587890625,X86
compose-and-upload,246.28639221191406,X86
compose-and-upload,134.2296600341797,X86
compose-and-upload,149.72686767578125,X86
compose-and-upload,135.18333435058594,X86
compose-and-upload,145.43533325195312,X86
compose-and-upload,135.4217529296875,X86
compose-and-upload,151.8726348876953,X86
compose-and-upload,177.62184143066406,X86
compose-and-upload,198.3642578125,X86
compose-and-upload,140.66696166992188,X86
compose-and-upload,179.52919006347656,X86
compose-and-upload,134.2296600341797,X86
compose-and-upload,188.58909606933594,X86
compose-and-upload,133.514404296875,X86
compose-and-upload,826.5972137451172,RISCV
compose-and-upload,682.5923919677734,RISCV
compose-and-upload,676.8703460693359,RISCV
compose-and-upload,658.9889526367188,RISCV
compose-and-upload,663.2804870605469,RISCV
compose-and-upload,655.6510925292969,RISCV
compose-and-upload,660.8963012695312,RISCV
compose-and-upload,655.6510925292969,RISCV
compose-and-upload,669.9562072753906,RISCV
compose-and-upload,658.5121154785156,RISCV
compose-and-upload,658.0352783203125,RISCV
compose-and-upload,661.6115570068359,RISCV
compose-and-upload,655.6510925292969,RISCV
compose-and-upload,662.0883941650391,RISCV
compose-and-upload,654.4589996337891,RISCV
compose-and-upload,663.5189056396484,RISCV
compose-and-upload,653.9821624755859,RISCV
compose-and-upload,664.2341613769531,RISCV
compose-and-upload,659.2273712158203,RISCV
compose-and-upload,667.8104400634766,RISCV
compose-and-upload,730.9913635253906,RISCV
compose-and-upload,654.9358367919922,RISCV
compose-and-upload,654.2205810546875,RISCV
compose-and-upload,659.2273712158203,RISCV
compose-and-upload,648.0216979980469,RISCV
compose-and-upload,655.8895111083984,RISCV
compose-and-upload,659.942626953125,RISCV
compose-and-upload,660.1810455322266,RISCV
compose-and-upload,652.0748138427734,RISCV
compose-and-upload,656.1279296875,RISCV
compose-and-upload,654.4589996337891,RISCV
compose-and-upload,929.3556213378906,RISCV
compose-and-upload,661.8499755859375,RISCV
compose-and-upload,804.901123046875,RISCV
compose-and-upload,679.9697875976562,RISCV
compose-and-upload,735.9981536865234,RISCV
compose-and-upload,659.7042083740234,RISCV
compose-and-upload,660.8963012695312,RISCV
compose-and-upload,1217.8421020507812,RISCV
compose-and-upload,659.4657897949219,RISCV
compose-and-upload,654.2205810546875,RISCV
compose-and-upload,668.5256958007812,RISCV
compose-and-upload,866.1746978759766,RISCV
compose-and-upload,667.572021484375,RISCV
compose-and-upload,654.2205810546875,RISCV
compose-and-upload,664.9494171142578,RISCV
compose-and-upload,1183.5098266601562,RISCV
compose-and-upload,741.2433624267578,RISCV
compose-and-upload,659.2273712158203,RISCV
compose-and-upload,658.5121154785156,RISCV
compose-and-upload,652.0748138427734,RISCV
compose-and-upload,665.9030914306641,RISCV
compose-and-upload,656.6047668457031,RISCV
compose-and-upload,656.6047668457031,RISCV
compose-and-upload,655.8895111083984,RISCV
compose-and-upload,659.2273712158203,RISCV
compose-and-upload,655.4126739501953,RISCV
compose-and-upload,662.3268127441406,RISCV
compose-and-upload,653.0284881591797,RISCV
compose-and-upload,660.4194641113281,RISCV
compose-and-upload,669.7177886962891,RISCV
compose-and-upload,756.9789886474609,RISCV
compose-and-upload,666.1415100097656,RISCV
compose-and-upload,753.8795471191406,RISCV
compose-and-upload,657.5584411621094,RISCV
compose-and-upload,672.3403930664062,RISCV
compose-and-upload,740.5281066894531,RISCV
compose-and-upload,672.1019744873047,RISCV
compose-and-upload,673.5324859619141,RISCV
compose-and-upload,742.4354553222656,RISCV
compose-and-upload,669.9562072753906,RISCV
compose-and-upload,665.9030914306641,RISCV
compose-and-upload,652.7900695800781,RISCV
compose-and-upload,660.8963012695312,RISCV
compose-and-upload,655.8895111083984,RISCV
compose-and-upload,664.2341613769531,RISCV
compose-and-upload,732.421875,RISCV
compose-and-upload,658.0352783203125,RISCV
compose-and-upload,655.6510925292969,RISCV
compose-and-upload,666.8567657470703,RISCV
compose-and-upload,653.9821624755859,RISCV
compose-and-upload,725.7461547851562,RISCV
compose-and-upload,660.1810455322266,RISCV
compose-and-upload,659.2273712158203,RISCV
compose-and-upload,661.3731384277344,RISCV
compose-and-upload,657.3200225830078,RISCV
compose-and-upload,652.5516510009766,RISCV
compose-and-upload,661.3731384277344,RISCV
compose-and-upload,652.313232421875,RISCV
compose-and-upload,671.8635559082031,RISCV
compose-and-upload,674.9629974365234,RISCV
compose-and-upload,673.0556488037109,RISCV
compose-and-upload,667.3336029052734,RISCV
compose-and-upload,1021.1467742919922,RISCV
compose-and-upload,672.1019744873047,RISCV
compose-and-upload,685.9302520751953,RISCV
compose-and-upload,678.0624389648438,RISCV
compose-and-upload,675.6782531738281,RISCV
compose-and-upload,674.0093231201172,RISCV
compose-and-upload,681.6387176513672,RISCV
compose-and-upload,663.5189056396484,RISCV
compose-and-upload,663.5189056396484,RISCV
compose-and-upload,660.1810455322266,RISCV
compose-and-upload,660.4194641113281,RISCV
compose-and-upload,652.0748138427734,RISCV
compose-and-upload,657.0816040039062,RISCV
compose-and-upload,658.7505340576172,RISCV
compose-and-upload,662.5652313232422,RISCV
compose-and-upload,660.8963012695312,RISCV
compose-and-upload,654.9358367919922,RISCV
compose-and-upload,927.6866912841797,RISCV
compose-and-upload,659.4657897949219,RISCV
compose-and-upload,656.6047668457031,RISCV
compose-and-upload,655.1742553710938,RISCV
compose-and-upload,652.5516510009766,RISCV
compose-and-upload,661.3731384277344,RISCV
compose-and-upload,653.0284881591797,RISCV
compose-and-upload,658.7505340576172,RISCV
compose-and-upload,661.8499755859375,RISCV
compose-and-upload,656.6047668457031,RISCV
compose-and-upload,655.8895111083984,RISCV
compose-and-upload,654.2205810546875,RISCV
compose-and-upload,661.1347198486328,RISCV
compose-and-upload,659.7042083740234,RISCV
compose-and-upload,657.0816040039062,RISCV
compose-and-upload,667.8104400634766,RISCV
compose-and-upload,656.3663482666016,RISCV
compose-and-upload,668.5256958007812,RISCV
compose-and-upload,654.9358367919922,RISCV
compose-and-upload,681.1618804931641,RISCV
compose-and-upload,663.75732421875,RISCV
compose-and-upload,665.1878356933594,RISCV
compose-and-upload,652.313232421875,RISCV
compose-and-upload,658.2736968994141,RISCV
compose-and-upload,658.5121154785156,RISCV
compose-and-upload,658.0352783203125,RISCV
compose-and-upload,657.0816040039062,RISCV
compose-and-upload,655.1742553710938,RISCV
compose-and-upload,660.6578826904297,RISCV
compose-and-upload,1500.0,RISCV
compose-and-upload,694.0364837646484,RISCV
compose-and-upload,744.8196411132812,RISCV
compose-and-upload,737.1902465820312,RISCV
compose-and-upload,750.7801055908203,RISCV
compose-and-upload,733.6139678955078,RISCV
compose-and-upload,686.6455078125,RISCV
compose-and-upload,690.460205078125,RISCV
compose-and-upload,732.421875,RISCV
compose-and-upload,733.1371307373047,RISCV
compose-and-upload,720.5009460449219,RISCV
compose-and-upload,749.5880126953125,RISCV
compose-and-upload,699.9969482421875,RISCV
compose-and-upload,696.8975067138672,RISCV
compose-and-upload,712.3947143554688,RISCV
compose-and-upload,895.2617645263672,RISCV
compose-and-upload,694.5133209228516,RISCV
compose-and-upload,720.977783203125,RISCV
compose-and-upload,715.2557373046875,RISCV
compose-and-upload,721.6930389404297,RISCV
compose-and-upload,675.4398345947266,RISCV
compose-and-upload,727.4150848388672,RISCV
compose-and-upload,700.4737854003906,RISCV
compose-and-upload,711.6794586181641,RISCV
compose-and-upload,815.8683776855469,RISCV
compose-and-upload,705.0037384033203,RISCV
compose-and-upload,742.1970367431641,RISCV
compose-and-upload,761.9857788085938,RISCV
compose-and-upload,705.2421569824219,RISCV
compose-and-upload,717.1630859375,RISCV
compose-and-upload,702.1427154541016,RISCV
compose-and-upload,700.2353668212891,RISCV
compose-and-upload,743.3891296386719,RISCV
compose-and-upload,751.7337799072266,RISCV
compose-and-upload,753.6411285400391,RISCV
compose-and-upload,752.2106170654297,RISCV
compose-and-upload,836.8492126464844,RISCV
compose-and-upload,709.2952728271484,RISCV
compose-and-upload,955.1048278808594,RISCV
compose-and-upload,690.9370422363281,RISCV
compose-and-upload,721.4546203613281,RISCV
compose-and-upload,697.1359252929688,RISCV
compose-and-upload,776.7677307128906,RISCV
compose-and-upload,697.3743438720703,RISCV
compose-and-upload,706.1958312988281,RISCV
compose-and-upload,1500.0,RISCV
compose-and-upload,710.2489471435547,RISCV
compose-and-upload,746.0117340087891,RISCV
compose-and-upload,1500.0,RISCV
compose-and-upload,705.2421569824219,RISCV
compose-and-upload,766.5157318115234,RISCV
compose-and-upload,702.6195526123047,RISCV
compose-and-upload,747.9190826416016,RISCV
compose-and-upload,749.8264312744141,RISCV
compose-and-upload,811.8152618408203,RISCV
compose-and-upload,744.5812225341797,RISCV
compose-and-upload,978.9466857910156,RISCV
compose-and-upload,726.2229919433594,RISCV
compose-and-upload,722.4082946777344,RISCV
compose-and-upload,718.8320159912109,RISCV
compose-and-upload,1487.0166778564453,RISCV
compose-and-upload,697.1359252929688,RISCV
compose-and-upload,792.5033569335938,RISCV
compose-and-upload,715.0173187255859,RISCV
compose-and-upload,682.830810546875,RISCV
compose-and-upload,677.1087646484375,RISCV
compose-and-upload,720.0241088867188,RISCV
compose-and-upload,740.2896881103516,RISCV
compose-and-upload,756.9789886474609,RISCV
compose-and-upload,761.9857788085938,RISCV
compose-and-upload,719.5472717285156,RISCV
compose-and-upload,719.7856903076172,RISCV
compose-and-upload,890.2549743652344,RISCV
compose-and-upload,697.3743438720703,RISCV
compose-and-upload,721.6930389404297,RISCV
compose-and-upload,734.8060607910156,RISCV
compose-and-upload,762.4626159667969,RISCV
compose-and-upload,703.3348083496094,RISCV
compose-and-upload,676.6319274902344,RISCV
compose-and-upload,661.6115570068359,RISCV
compose-and-upload,850.4390716552734,RISCV
compose-and-upload,709.53369140625,RISCV
compose-and-upload,706.1958312988281,RISCV
compose-and-upload,723.3619689941406,RISCV
compose-and-upload,689.9833679199219,RISCV
compose-and-upload,766.5157318115234,RISCV
compose-and-upload,735.2828979492188,RISCV
compose-and-upload,679.2545318603516,RISCV
compose-and-upload,667.0951843261719,RISCV
compose-and-upload,735.2828979492188,RISCV
compose-and-upload,664.2341613769531,RISCV
compose-and-upload,736.7134094238281,RISCV
compose-and-upload,678.7776947021484,RISCV
compose-and-upload,678.0624389648438,RISCV
compose-and-upload,777.4829864501953,RISCV
compose-and-upload,1461.5058898925781,RISCV
compose-and-upload,684.9765777587891,RISCV
compose-and-upload,658.0352783203125,RISCV
compose-and-upload,682.3539733886719,RISCV
compose-and-upload,659.942626953125,RISCV
compose-and-upload,663.75732421875,RISCV
compose-and-upload,660.6578826904297,RISCV
compose-and-upload,669.0025329589844,RISCV
compose-and-upload,666.1415100097656,RISCV
compose-and-upload,657.7968597412109,RISCV
compose-and-upload,655.8895111083984,RISCV
compose-and-upload,657.3200225830078,RISCV
compose-and-upload,655.6510925292969,RISCV
compose-and-upload,659.2273712158203,RISCV
compose-and-upload,659.4657897949219,RISCV
compose-and-upload,661.6115570068359,RISCV
compose-and-upload,653.7437438964844,RISCV
compose-and-upload,659.942626953125,RISCV
compose-and-upload,651.8363952636719,RISCV
compose-and-upload,654.6974182128906,RISCV
compose-and-upload,653.2669067382812,RISCV
compose-and-upload,661.3731384277344,RISCV
compose-and-upload,652.0748138427734,RISCV
compose-and-upload,651.5979766845703,RISCV
compose-and-upload,665.9030914306641,RISCV
compose-and-upload,662.5652313232422,RISCV
compose-and-upload,658.2736968994141,RISCV
compose-and-upload,656.3663482666016,RISCV
compose-and-upload,722.8851318359375,RISCV
compose-and-upload,663.5189056396484,RISCV
compose-and-upload,759.6015930175781,RISCV
compose-and-upload,661.1347198486328,RISCV
compose-and-upload,669.7177886962891,RISCV
compose-and-upload,674.9629974365234,RISCV
compose-and-upload,665.4262542724609,RISCV
compose-and-upload,661.3731384277344,RISCV
compose-and-upload,672.5788116455078,RISCV
compose-and-upload,673.0556488037109,RISCV
compose-and-upload,659.4657897949219,RISCV
compose-and-upload,653.7437438964844,RISCV
compose-and-upload,656.3663482666016,RISCV
compose-and-upload,662.5652313232422,RISCV
compose-and-upload,657.5584411621094,RISCV
compose-and-upload,657.0816040039062,RISCV
compose-and-upload,656.6047668457031,RISCV
compose-and-upload,737.9055023193359,RISCV
compose-and-upload,661.8499755859375,RISCV
compose-and-upload,662.3268127441406,RISCV
compose-and-upload,655.1742553710938,RISCV
compose-and-upload,656.3663482666016,RISCV
compose-and-upload,656.8431854248047,RISCV
compose-and-upload,658.2736968994141,RISCV
compose-and-upload,657.5584411621094,RISCV
compose-and-upload,662.5652313232422,RISCV
compose-and-upload,659.2273712158203,RISCV
compose-and-upload,662.0883941650391,RISCV
compose-and-upload,652.0748138427734,RISCV
compose-and-upload,658.7505340576172,RISCV
compose-and-upload,653.7437438964844,RISCV
compose-and-upload,660.1810455322266,RISCV
compose-and-upload,653.9821624755859,RISCV
compose-and-upload,666.3799285888672,RISCV
compose-and-upload,652.7900695800781,RISCV
compose-and-upload,654.9358367919922,RISCV
compose-and-upload,663.75732421875,RISCV
compose-and-upload,682.1155548095703,RISCV
compose-and-upload,676.6319274902344,RISCV
compose-and-upload,667.3336029052734,RISCV
compose-and-upload,671.38671875,RISCV
compose-and-upload,680.2082061767578,RISCV
compose-and-upload,669.4793701171875,RISCV
compose-and-upload,675.201416015625,RISCV
compose-and-upload,750.0648498535156,RISCV
compose-and-upload,680.9234619140625,RISCV
compose-and-upload,679.2545318603516,RISCV
compose-and-upload,819.9214935302734,RISCV
compose-and-upload,669.7177886962891,RISCV
compose-and-upload,679.2545318603516,RISCV
compose-and-upload,672.5788116455078,RISCV
compose-and-upload,709.2952728271484,RISCV
compose-and-upload,651.8363952636719,RISCV
compose-and-upload,729.0840148925781,RISCV
compose-and-upload,652.0748138427734,RISCV
compose-and-upload,658.0352783203125,RISCV
compose-and-upload,653.2669067382812,RISCV
compose-and-upload,661.6115570068359,RISCV
compose-and-upload,658.5121154785156,RISCV
compose-and-upload,653.7437438964844,RISCV
compose-and-upload,663.0420684814453,RISCV
compose-and-upload,660.6578826904297,RISCV
compose-and-upload,654.2205810546875,RISCV
compose-and-upload,663.9957427978516,RISCV
compose-and-upload,657.5584411621094,RISCV
compose-and-upload,659.7042083740234,RISCV
compose-and-upload,653.0284881591797,RISCV
compose-and-upload,656.3663482666016,RISCV
compose-and-upload,662.5652313232422,RISCV
compose-and-upload,661.3731384277344,RISCV
compose-and-upload,653.2669067382812,RISCV
compose-and-upload,654.9358367919922,RISCV
compose-and-upload,653.7437438964844,RISCV
compose-and-upload,657.5584411621094,RISCV
compose-and-upload,661.3731384277344,RISCV
compose-and-upload,658.5121154785156,RISCV
compose-and-upload,659.942626953125,RISCV
compose-and-upload,733.3755493164062,RISCV
compose-and-upload,655.4126739501953,RISCV
compose-and-upload,660.4194641113281,RISCV
compose-and-upload,667.8104400634766,RISCV
compose-and-upload,760.7936859130859,RISCV
compose-and-upload,657.5584411621094,RISCV
compose-and-upload,680.4466247558594,RISCV
compose-and-upload,667.8104400634766,RISCV
compose-and-upload,683.7844848632812,RISCV
compose-and-upload,669.9562072753906,RISCV
compose-and-upload,665.4262542724609,RISCV
compose-and-upload,666.8567657470703,RISCV
compose-and-upload,664.7109985351562,RISCV
compose-and-upload,652.313232421875,RISCV
compose-and-upload,1223.8025665283203,RISCV
compose-and-upload,653.0284881591797,RISCV
compose-and-upload,677.3471832275391,RISCV
compose-and-upload,660.6578826904297,RISCV
compose-and-upload,660.1810455322266,RISCV
compose-and-upload,653.5053253173828,RISCV
compose-and-upload,665.1878356933594,RISCV
compose-and-upload,658.0352783203125,RISCV
compose-and-upload,663.2804870605469,RISCV
compose-and-upload,652.313232421875,RISCV
compose-and-upload,724.79248046875,RISCV
compose-and-upload,660.6578826904297,RISCV
compose-and-upload,753.6411285400391,RISCV
compose-and-upload,708.3415985107422,RISCV
compose-and-upload,741.7201995849609,RISCV
compose-and-upload,1437.6640319824219,RISCV
compose-and-upload,751.2569427490234,RISCV
compose-and-upload,738.1439208984375,RISCV
compose-and-upload,741.9586181640625,RISCV
compose-and-upload,677.1087646484375,RISCV
compose-and-upload,732.8987121582031,RISCV
compose-and-upload,756.2637329101562,RISCV
compose-and-upload,807.2853088378906,RISCV
compose-and-upload,1500.0,RISCV
compose-and-upload,789.4039154052734,RISCV
compose-and-upload,687.5991821289062,RISCV
compose-and-upload,723.3619689941406,RISCV
compose-and-upload,703.3348083496094,RISCV
compose-and-upload,798.9406585693359,RISCV
compose-and-upload,770.56884765625,RISCV
compose-and-upload,706.9110870361328,RISCV
compose-and-upload,683.0692291259766,RISCV
compose-and-upload,696.4206695556641,RISCV
compose-and-upload,706.9110870361328,RISCV
compose-and-upload,702.8579711914062,RISCV
compose-and-upload,705.718994140625,RISCV
compose-and-upload,693.5596466064453,RISCV
compose-and-upload,677.1087646484375,RISCV
compose-and-upload,687.8376007080078,RISCV
compose-and-upload,672.8172302246094,RISCV
compose-and-upload,743.6275482177734,RISCV
compose-and-upload,757.4558258056641,RISCV
compose-and-upload,719.0704345703125,RISCV
compose-and-upload,695.2285766601562,RISCV
compose-and-upload,924.3488311767578,RISCV
compose-and-upload,697.1359252929688,RISCV
compose-and-upload,707.3879241943359,RISCV
compose-and-upload,708.1031799316406,RISCV
compose-and-upload,977.0393371582031,RISCV
compose-and-upload,724.3156433105469,RISCV
compose-and-upload,695.9438323974609,RISCV
compose-and-upload,704.5269012451172,RISCV
compose-and-upload,762.4626159667969,RISCV
compose-and-upload,808.9542388916016,RISCV
compose-and-upload,799.6559143066406,RISCV
compose-and-upload,687.3607635498047,RISCV
compose-and-upload,703.3348083496094,RISCV
compose-and-upload,797.5101470947266,RISCV
compose-and-upload,694.0364837646484,RISCV
compose-and-upload,747.2038269042969,RISCV
compose-and-upload,705.4805755615234,RISCV
compose-and-upload,761.9857788085938,RISCV
compose-and-upload,1347.7802276611328,RISCV
compose-and-upload,718.5935974121094,RISCV
compose-and-upload,874.5193481445312,RISCV
compose-and-upload,699.2816925048828,RISCV
compose-and-upload,696.6590881347656,RISCV
compose-and-upload,683.0692291259766,RISCV
compose-and-upload,736.236572265625,RISCV
compose-and-upload,749.5880126953125,RISCV
compose-and-upload,692.3675537109375,RISCV
compose-and-upload,661.6115570068359,RISCV
compose-and-upload,716.2094116210938,RISCV
compose-and-upload,710.9642028808594,RISCV
compose-and-upload,718.1167602539062,RISCV
compose-and-upload,734.3292236328125,RISCV
compose-and-upload,707.1495056152344,RISCV
compose-and-upload,722.4082946777344,RISCV
compose-and-upload,710.7257843017578,RISCV
compose-and-upload,704.0500640869141,RISCV
compose-and-upload,692.3675537109375,RISCV
compose-and-upload,686.8839263916016,RISCV
compose-and-upload,960.1116180419922,RISCV
compose-and-upload,697.8511810302734,RISCV
compose-and-upload,693.0828094482422,RISCV
compose-and-upload,686.4070892333984,RISCV
compose-and-upload,735.7597351074219,RISCV
compose-and-upload,733.6139678955078,RISCV
compose-and-upload,745.0580596923828,RISCV
compose-and-upload,661.6115570068359,RISCV
compose-and-upload,675.6782531738281,RISCV
compose-and-upload,679.7313690185547,RISCV
compose-and-upload,685.6918334960938,RISCV
compose-and-upload,676.8703460693359,RISCV
compose-and-upload,1500.0,RISCV
compose-and-upload,725.0308990478516,RISCV
compose-and-upload,677.3471832275391,RISCV
compose-and-upload,661.8499755859375,RISCV
compose-and-upload,659.4657897949219,RISCV
compose-and-upload,654.9358367919922,RISCV
compose-and-upload,658.9889526367188,RISCV
compose-and-upload,654.6974182128906,RISCV
compose-and-upload,664.7109985351562,RISCV
compose-and-upload,653.2669067382812,RISCV
compose-and-upload,661.3731384277344,RISCV
compose-and-upload,659.942626953125,RISCV
compose-and-upload,671.38671875,RISCV
compose-and-upload,657.0816040039062,RISCV
compose-and-upload,654.9358367919922,RISCV
compose-and-upload,1500.0,RISCV
compose-and-upload,787.7349853515625,RISCV
compose-and-upload,694.0364837646484,RISCV
compose-and-upload,765.5620574951172,RISCV
compose-and-upload,680.2082061767578,RISCV
compose-and-upload,686.1686706542969,RISCV
compose-and-upload,744.8196411132812,RISCV
compose-and-upload,687.3607635498047,RISCV
compose-and-upload,702.3811340332031,RISCV
compose-and-upload,782.7281951904297,RISCV
compose-and-upload,682.3539733886719,RISCV
compose-and-upload,883.1024169921875,RISCV
compose-and-upload,724.79248046875,RISCV
compose-and-upload,786.5428924560547,RISCV
compose-and-upload,665.6646728515625,RISCV
compose-and-upload,670.6714630126953,RISCV
compose-and-upload,659.7042083740234,RISCV
compose-and-upload,664.9494171142578,RISCV
compose-and-upload,659.4657897949219,RISCV
compose-and-upload,724.79248046875,RISCV
compose-and-upload,646.3527679443359,RISCV
compose-and-upload,659.2273712158203,RISCV
compose-and-upload,661.1347198486328,RISCV
compose-and-upload,661.8499755859375,RISCV
compose-and-upload,652.5516510009766,RISCV
compose-and-upload,679.7313690185547,RISCV
compose-and-upload,1500.0,RISCV
compose-and-upload,728.3687591552734,RISCV
compose-and-upload,697.1359252929688,RISCV
compose-and-upload,698.3280181884766,RISCV
compose-and-upload,693.5596466064453,RISCV
compose-and-upload,706.6726684570312,RISCV
compose-and-upload,725.5077362060547,RISCV
compose-and-upload,1500.0,RISCV
compose-and-upload,694.5133209228516,RISCV
compose-and-upload,765.5620574951172,RISCV
compose-and-upload,704.5269012451172,RISCV
compose-and-upload,1500.0,RISCV
